{"cameraMode":{"drawMode":0,"name":"Shaded","section":"Shading Mode"},"sceneLighting":false,"audioPlay":false,"sceneViewState":{"showFog":true,"showMaterialUpdate":false,"showSkybox":false,"showFlares":true,"showImageEffects":true,"showParticleSystems":true},"in2DMode":false,"pivot":{"x":4874.88134765625,"y":1036.324462890625,"z":104.52461242675781},"rotation":{"x":-0.09317367523908615,"y":-0.0038854617159813644,"z":0.0003636992769315839,"w":-0.9956424236297607},"size":42.345436096191409,"orthographic":false}